{
    "loss": 0.34220150113105774,
    "accuracy": 0.9482758641242981
}